Distance,Elevation,Grade
1.889880950951907,0.0,0.0
2.8050068881647503,0.0,0.0
3.6122088765346962,0.0,0.0
6.813998995823821,0.7000000000000455,0.10272968933941184
7.9458292118794125,0.7000000000000455,0.08809653232333643
12.084186859975357,0.6000000000000227,0.04965166518463173
13.51349262017667,0.6000000000000227,0.04440006864725535
17.706433662188953,1.8999999999999773,0.1073056289170933
19.135739519771498,1.8999999999999773,0.09929064920834925
23.478914673636144,3.2999999999999545,0.14055164158441436
25.05825112525145,3.2999999999999545,0.13169314903522983
29.447498662824287,3.7000000000000455,0.12564734418923923
30.925248251877765,4.100000000000023,0.1325777554510358
34.76558005619159,5.2999999999999545,0.15244963528390917
35.99703810282828,6.0,0.1666803802818594
39.44278894844823,6.0,0.15211906054214389
40.477378717518775,6.7000000000000455,0.1655245525348275
44.611208577461525,8.100000000000023,0.18156871912437506
46.285755022292385,8.799999999999955,0.19012328946047555
49.44442896812236,8.799999999999955,0.17797758379762987
53.13592296131792,11.0,0.20701625918886965
57.02910213178839,11.5,0.2016514300615269
60.67725039968739,12.899999999999977,0.21260027300225914
64.71322413920515,13.399999999999977,0.20706741440010973
65.86932618364028,13.399999999999977,0.20343308147166206
67.79063432763334,15.200000000000045,0.22421976355226558
68.88259719992566,15.200000000000045,0.2206653148673153
69.91718732653958,15.200000000000045,0.21740004970466453
70.80300504763389,15.200000000000045,0.21468015361458168
71.83759519827477,15.200000000000045,0.21158837455579366
72.82276193741237,15.700000000000045,0.21559193282854933
74.79309545117309,15.700000000000045,0.20991242447305075
75.63394784677547,15.700000000000045,0.2075787453513097
76.37282292471363,15.700000000000045,0.2055705079210795
77.21367532953963,15.700000000000045,0.20333185712238333
81.17206528986132,18.0,0.22175116446431312
82.9229204405982,18.600000000000023,0.22430469044230206
86.43120116654065,18.600000000000023,0.21520006373809922
90.55540457254918,19.200000000000045,0.2120248933857704
94.19311282663239,19.799999999999955,0.21020645146787903
97.57641553545446,18.700000000000045,0.19164467046040842
101.2575287152924,18.700000000000045,0.18467762582453667
105.3951813001977,17.899999999999977,0.16983698665516125
109.83755935236213,16.399999999999977,0.14931140218973996
113.96947923415594,17.100000000000023,0.1500401696568888
118.02690833639798,16.399999999999977,0.1389513648299337
121.9286426096581,14.899999999999977,0.12220262344509798
125.521589962866,15.399999999999977,0.12268805712671323
128.76420654577777,13.899999999999977,0.10794925370085903
133.0405011449067,12.899999999999977,0.09696295405524213
134.37773279365842,12.899999999999977,0.09599804768107202
138.26778262265842,11.5,0.08317194202343023
139.45898130331418,11.5,0.08246152304087358
141.2724546656016,12.0,0.0849422488510202
142.65338989836692,12.0,0.08411997786066894
144.1381090461243,10.799999999999955,0.07492813712814803
145.62282823888484,10.799999999999955,0.07416419616767264
147.14617433303485,10.799999999999955,0.07339640360310282
148.95964796587754,9.600000000000023,0.06444698367036361
150.8655662922157,10.100000000000023,0.06694701944403306
152.5404984918237,10.100000000000023,0.06621192470104187
155.59057714129588,8.899999999999977,0.05720140746002667
156.63780565366628,8.899999999999977,0.056818977786743934
158.01874128058577,7.7000000000000455,0.04872839726224341
160.02866015508997,7.7000000000000455,0.04811638110659477
164.69589002675357,6.399999999999977,0.03885950037344798
166.48626901646932,6.399999999999977,0.03844160865522712
171.4971006345512,5.100000000000023,0.029738112079619235
176.6454988655833,3.7000000000000455,0.020945905917566145
182.40624272827418,0.7999999999999545,0.004385814805646173
188.22052678788717,-0.2999999999999545,-0.0015938750417909301
193.59633173543733,-1.5,-0.007748080692199545
199.52505700614742,-2.6000000000000227,-0.013030944779631943
204.80461519789287,-3.5,-0.017089458636555227
210.6991615343534,-4.2999999999999545,-0.02040824447846159
216.13142349513387,-5.0,-0.023134072404388587
222.5138271281227,-5.600000000000023,-0.02516697533935975
229.2348142468427,-6.0,-0.026174034776145
236.0717056447061,-6.399999999999977,-0.027110406910145088
243.0752834476933,-6.899999999999977,-0.028386267423543988
249.89128781191644,-7.600000000000023,-0.030413225153012338
256.8948635411348,-8.299999999999955,-0.032308937148799524
263.7848797445363,-7.899999999999977,-0.02994864606208957
270.4519286671009,-7.7999999999999545,-0.028840615182304612
277.08098065622517,-6.2999999999999545,-0.022737035162353404
284.3464065120538,-5.7999999999999545,-0.02039765534984556
291.50804440200267,-4.7000000000000455,-0.016123054201271147
298.5659396290005,-3.2999999999999545,-0.011052834774457362
305.5201395189782,-2.6000000000000227,-0.00851007728686415
312.7855635177775,-2.3999999999999773,-0.007672988398211577
320.2254522390921,-2.2999999999999545,-0.007182439696525715
327.56099751810666,-1.7999999999999545,-0.005495159721817783
335.3829523356467,-1.8999999999999773,-0.005665165706152182
343.72151526191607,-1.8999999999999773,-0.0055277307809846465
351.7286287535123,-1.5,-0.0042646514311781665
359.9462948389533,-0.6000000000000227,-0.0016669153387687294
368.0563923766129,0.7000000000000455,0.001901882468281578
375.95587820024315,1.3999999999999773,0.003723841230258152
384.06826742558735,3.0,0.0078111113425460114
392.0730590914926,4.100000000000023,0.01045723470391079
400.18239270243015,4.2000000000000455,0.010495214373719598
408.0146377608616,4.100000000000023,0.010048659093458904
415.39431909857035,3.5,0.008425729094213907
422.4540035146723,2.6000000000000227,0.00615451618014959
429.74209320669706,2.1000000000000227,0.004886651862120396
437.35420513260306,2.0,0.004572952486860422
444.5708526649688,0.2999999999999545,0.0006748080721028202
451.7738943697179,-0.6000000000000227,-0.0013280979876827525
458.8973220932156,-2.6000000000000227,-0.005665755442067901
465.60744435397663,-2.6000000000000227,-0.005584103157129466
472.66246745625847,-4.100000000000023,-0.008674266061498629
479.760393044341,-3.6000000000000227,-0.007503745728479298
486.5197298521166,-4.2999999999999545,-0.008838284937194614
492.89855588359467,-4.7000000000000455,-0.009535430655856944
498.70599425179677,-4.100000000000023,-0.008221276758766874
504.3725675167579,-4.7000000000000455,-0.00931850838585484
510.1065004405802,-3.7999999999999545,-0.0074494247705486705
515.493106857409,-4.2999999999999545,-0.008341527641783543
520.7343609520867,-3.5,-0.006721277223958798
526.4464753570782,-3.8999999999999773,-0.007408160530193853
532.1642058678025,-2.7000000000000455,-0.005073621957713491
537.56957378833,-0.8999999999999773,-0.0016742018966169308
542.7954969320236,-0.7999999999999545,-0.001473851578581061
548.422293847846,1.2999999999999545,0.0023704360938336063
554.3063606074065,3.1000000000000227,0.005592575190014158
560.4270901635794,4.600000000000023,0.008208025773089161
566.7421329642717,4.5,0.007940119038729888
573.1930738757926,6.2000000000000455,0.01081659964604448
580.0090600729834,8.0,0.013792887992117482
586.3855067760304,9.799999999999955,0.016712554943386516
592.661846042442,11.700000000000045,0.01974144291239254
599.3241095873,13.5,0.022525374474416226
605.9820426610012,15.100000000000023,0.02491823014043879
612.7975376183894,16.399999999999977,0.02676250962714024
619.8420132567119,18.600000000000023,0.030007646468289177
627.0636889173858,19.5,0.03109731968959389
634.1964449763417,20.5,0.03232436914837127
641.5977749989602,21.600000000000023,0.03366595216143795
649.3325535356942,23.799999999999955,0.036653021430091685
656.8640551243888,24.299999999999955,0.03699395607116654
664.3445769158593,26.100000000000023,0.03928684135748676
672.0551754999308,26.200000000000045,0.038984894328818014
678.9513321706855,26.799999999999955,0.03947263777260333
685.5138934366944,27.600000000000023,0.04026176604770567
692.206528236531,27.100000000000023,0.039150165296822796
698.8991625645857,27.5,0.0393475932909831
705.202235340778,28.399999999999977,0.04027213553325752
712.3596459555615,29.5,0.04141166637875536
719.9835130208364,30.600000000000023,0.042500973212027504
727.1095990207293,32.60000000000002,0.04483505656355751
733.4920610240231,33.299999999999955,0.0453992643812805
739.2330213817537,33.700000000000045,0.04558779035196364
744.8834320388602,34.60000000000002,0.04645022094973238
750.3741851277981,34.700000000000045,0.04624359511260399
755.8901300809191,34.799999999999955,0.04603843682450856
762.1213356525292,34.700000000000045,0.04553080772930975
768.5714315015763,34.299999999999955,0.044628252617960606
775.5531274200034,34.10000000000002,0.04396861903379709
782.7403477485814,33.39999999999998,0.04267059963890882
789.7220435474776,33.0,0.04178685433644738
797.1598999945138,32.0,0.04014251093189739
804.3471201792473,31.299999999999955,0.038913547664626194
811.3799888501629,29.600000000000023,0.03648105746599358
818.8651140373211,27.200000000000045,0.03321670386700631
826.3975061284137,25.799999999999955,0.031219842519697654
834.1368103887968,22.600000000000023,0.027093876829948328
841.8897169845387,19.200000000000045,0.02280583740679262
849.7168752125685,17.5,0.020595095272907378
857.3333423571476,14.0,0.01632970433823147
864.3150375244664,10.5,0.012148348164893259
870.9509270468752,8.799999999999955,0.010103898769403723
877.7934827105807,5.2000000000000455,0.005923944643497141
883.9737509357516,3.5,0.003959393586398907
890.6661915413098,1.7000000000000455,0.0019086836529162206
897.4640264448793,-1.2999999999999545,-0.0014485260263295892
904.6164405829041,-3.7000000000000455,-0.004090131279966447
912.0934114842216,-4.7999999999999545,-0.0052626188716669514
919.8004035473024,-6.899999999999977,-0.007501627498084841
927.6041461302315,-8.700000000000045,-0.009379000769126148
935.6253740558726,-9.5,-0.010153636555214555
943.4177384111067,-11.299999999999955,-0.011977726875298406
950.1002280981218,-13.100000000000023,-0.013788019003240486
957.1141467026644,-14.200000000000045,-0.014836265923892353
964.4612330950587,-16.399999999999977,-0.017004312290884553
972.0316910194599,-17.5,-0.018003528240572202
980.1750561849066,-19.299999999999955,-0.019690360286376312
988.7524776212413,-20.5,-0.02073319709834687
997.3344234867802,-21.299999999999955,-0.02135692852707624
1005.6860417097062,-21.700000000000045,-0.021577310512443014
1013.8185038712278,-23.200000000000045,-0.02288378039206398
1022.2794406143116,-24.700000000000045,-0.024161691039347555
1031.7626722043963,-26.299999999999955,-0.025490358110949202
1041.715341303831,-27.700000000000045,-0.02659075747634684
1051.9752878134548,-28.799999999999955,-0.027377068961250178
1061.6119936203922,-29.899999999999977,-0.028164715715044496
1070.5721366127455,-30.200000000000045,-0.028209215397247158
1079.5989182757894,-29.799999999999955,-0.027602843514879648
1088.6379100183626,-28.600000000000023,-0.026271361429547876
1097.9067900626303,-27.100000000000023,-0.02468333400001479
1107.0955376530753,-25.600000000000023,-0.02312356895076038
1116.43593538453,-24.299999999999955,-0.021765691366455696
1125.5665633082838,-22.899999999999977,-0.020345309417056527
1135.4762366115162,-21.399999999999977,-0.018846717623841935
1144.7642416949284,-19.799999999999955,-0.01729613773634669
1153.5987456572116,-18.200000000000045,-0.015776716183608024
1162.645709125348,-16.799999999999955,-0.014449801747979185
1171.2231304481677,-15.899999999999977,-0.013575551563702343
1179.5886806942872,-14.899999999999977,-0.01263152168536415
1188.1835399206282,-13.399999999999977,-0.011277718929598293
1196.69674760764,-10.299999999999955,-0.00860702598264018
1205.209955246705,-6.100000000000023,-0.0050613587893499935
1213.833799164724,-1.5,-0.0012357540225294398
1222.2251616980673,0.6000000000000227,0.0004909079102629732
1231.4024350033526,3.7000000000000455,0.003004704144498441
1240.7911493613085,5.7000000000000455,0.004593843212803456
1250.4782351055262,5.399999999999977,0.0043183478515675874
1259.2882248009614,4.7999999999999545,0.003811677029505001
1267.7720695239996,4.399999999999977,0.0034706554165150607
1276.4779506314806,3.3999999999999773,0.0026635791071189115
1285.2822735723753,1.7999999999999545,0.0014004705713375693
1294.3046855327382,-0.10000000000002274,-7.726156068025246e-05
1304.2322492822077,-3.2999999999999545,-0.0025302242003417182
1314.013331526412,-5.899999999999977,-0.004490060989827473
1324.2658318247259,-8.700000000000045,-0.006569677923360889
1334.6345015660459,-12.200000000000045,-0.009141079438366607
1344.5454737404416,-16.5,-0.012271805098639043
1354.2871476750072,-19.799999999999955,-0.014620237690353853
1364.727766076524,-24.700000000000045,-0.018098847707195435
1374.7921800582926,-26.700000000000045,-0.019421117160317233
1385.6071533652894,-29.799999999999955,-0.021506817374335352
1396.319233433627,-33.200000000000045,-0.023776797744423667
1406.9826557467275,-35.5,-0.025231298946723046
1417.3722831801415,-36.5,-0.02575187932848904
1427.5267578177586,-37.5,-0.026269209872693215
1437.6168650325333,-38.10000000000002,-0.026502193266310783
1447.670154832029,-37.39999999999998,-0.025834614242178283
1457.1872889444378,-35.0,-0.024018875449670865
1466.4366001779076,-32.200000000000045,-0.02195798986201896
1475.3266035607992,-27.5,-0.01863994042649737
1484.0073772006192,-23.100000000000023,-0.015565960354978203
1492.8371222920914,-21.299999999999955,-0.01426813393231814
1501.347419338919,-18.200000000000045,-0.012122443989688918
1510.4120293681956,-17.700000000000045,-0.011718656668408517
1519.5337303937586,-15.200000000000045,-0.01000306850448213
1527.8002284301804,-13.299999999999955,-0.008705326620919378
1536.4168844578933,-14.299999999999955,-0.009307369728005523
1545.0320766050002,-13.5,-0.0087376826697763
1552.7685712918978,-14.0,-0.00901615363605154
1560.960575720612,-13.5,-0.008648520795451718
1569.4576617706841,-14.5,-0.00923886024656498
1578.0937120769706,-14.100000000000023,-0.00893483060739317
1586.6640452004447,-14.700000000000045,-0.009264721189382584
1595.2181876152463,-14.799999999999955,-0.009277727720823602
1604.063353570225,-14.299999999999955,-0.008914859857730618
1612.4922964672764,-12.700000000000045,-0.007876006618961096
1620.900497315043,-12.299999999999955,-0.007588374499467681
1629.269035283189,-11.899999999999977,-0.007303888886546964
1637.6030461162152,-10.100000000000023,-0.006167550813949365
1645.9944067944475,-9.399999999999977,-0.005710833500525894
1654.4095229003738,-8.399999999999977,-0.005077340213367361
1662.3830561941938,-7.7999999999999545,-0.004692059372800047
1670.6750434224098,-6.7999999999999545,-0.004070211036414373
1678.8835163804372,-5.2999999999999545,-0.0031568598704372337
1686.7615140147311,-4.7999999999999545,-0.002845689778974904
1694.3093429555481,-4.5,-0.0026559494691507832
1702.0486419187785,-4.0,-0.002350109098815567
1710.0221748594522,-3.1000000000000227,-0.001812841988586969
1718.4135352114408,-3.1000000000000227,-0.001803989515025896
1726.3870680311704,-2.8999999999999773,-0.001679808690473588
1733.8929045871573,-2.3999999999999773,-0.0013841685340833787
1741.4252895894267,-2.1000000000000227,-0.0012059087533379837
1748.7228656535467,-1.3999999999999773,-0.0008005842592312408
1756.4219371005138,-1.7999999999999545,-0.0010248107029290348
1763.6575929143223,-2.2000000000000455,-0.0012474076650925746
1770.1964733298546,-2.2999999999999545,-0.0012992908045249378
1777.3403519143426,-0.8999999999999773,-0.0005063745945061129
1784.6036543863622,-0.2999999999999545,-0.00016810455322255284
1791.7560659200963,1.2000000000000455,0.0006697340239692872
1799.1302721813784,1.7999999999999545,0.0010004834156992542
1806.8178114504265,2.7000000000000455,0.0014943399289564317
1814.0604720375354,3.2000000000000455,0.001763998526689596
1820.8713448924202,3.2999999999999545,0.001812319145587369
1827.8971119299092,3.5,0.0019147686033075847
1835.281086855914,3.5,0.0019070648224223657
1843.091220696618,5.2000000000000455,0.0028213470617231002
1850.475195562692,4.5,0.0024318077922852897
1857.7727709098083,4.0,0.0021531158506759023
1865.5715369290083,3.1000000000000227,0.0016616891599359714
1873.0485059537084,2.0,0.001067778006625435
1880.5808898612404,1.5,0.0007976258868134506
1888.6949037450022,2.0,0.0010589322796573954
1896.5366938014788,1.7000000000000455,0.000896370740179306
1904.4970014063554,1.8999999999999773,0.000997638745871977
1912.1960725539734,2.2999999999999545,0.0012028055245025273
1919.5080700293063,3.8999999999999773,0.002031770567101827
1927.4683774962236,5.399999999999977,0.0028016023832331625
1935.2212758435126,6.2000000000000455,0.0032037680018258516
1943.2701067824196,7.7000000000000455,0.0039623930678115375
1950.9626932866688,8.799999999999955,0.004510593682944868
1958.761459242294,9.299999999999955,0.004747898196647929
1965.7753777624305,10.399999999999977,0.0052905332509749475
1971.5726059398075,11.100000000000023,0.005630023447555909
1978.161528266035,12.299999999999955,0.006217894658370778
1985.4591027742997,12.899999999999977,0.006497237833796069
1993.3970884389046,13.700000000000045,0.006872689881737998
2001.4184589957513,14.5,0.007244861730352803
2008.763746260861,13.700000000000045,0.006820115120805722
2016.54804913552,14.299999999999955,0.007091326192862235
2023.2363652883985,15.299999999999955,0.007562141657047097
2029.706621935466,15.899999999999977,0.007833644443076323
2036.6284860076587,16.899999999999977,0.008298027900576278
2043.3084855742297,17.399999999999977,0.008515601106168785
2049.887520535105,17.799999999999955,0.0086834032705138
2056.9392832667536,18.799999999999955,0.009139793358480908
2064.527299084494,19.899999999999977,0.009639010348191835
2071.782198411956,20.399999999999977,0.009846594886101833
2078.8339610532694,20.0,0.009620777981646369
2086.241925676125,20.5,0.009826281289671716
2093.45993074333,21.399999999999977,0.010222311726979854
2100.897774761726,22.0,0.01047171369511072
2108.5403989376505,22.299999999999955,0.010576036395240709
2115.8683021649153,23.100000000000023,0.010917503691682772
2123.3630475819564,24.100000000000023,0.011349919660438955
2130.647692851211,24.600000000000023,0.011545784919082775
2138.253225832362,26.0,0.0121594578630316
2145.7716082391867,27.5,0.01281590263120613
2152.6987199820182,28.700000000000045,0.013332102506308816
2159.6057914825915,30.700000000000045,0.014215557358236283
2166.337077047394,31.899999999999977,0.014725316913043855
2173.44522716331,35.0,0.0161034653933656
2180.263250053419,36.700000000000045,0.016832829704899556
2187.070711163399,38.700000000000045,0.017694901130752106
2193.8954649533575,43.10000000000002,0.01964542098222366
2201.052343319506,45.200000000000045,0.020535631575136416
2207.49458496501,49.60000000000002,0.022468911288761422
2214.4672259225163,52.0,0.02348194608223995
2221.2342292961102,56.700000000000045,0.025526348933479104
2227.5727243535407,58.799999999999955,0.026396444595120538
2233.787159657233,61.10000000000002,0.027352650737492646
2240.5377234173707,62.89999999999998,0.0280736179277812
2246.4905817423405,66.89999999999998,0.029779782093772883
2252.1258357539514,68.20000000000005,0.030282499724163286
2258.360844979395,70.0,0.030995932362013062
2263.590437619714,71.0,0.031366098221664286
2268.762476043207,72.5,0.03195574713772695
2274.619513442696,73.39999999999998,0.032269133174236755
2280.4766223603733,75.70000000000005,0.03319481517931453
2286.785827747898,76.10000000000002,0.033278149215637653
2292.8385475694554,76.39999999999998,0.03332114251175186
2298.8758824101897,77.29999999999995,0.033625129826042204
2305.7866086107797,77.70000000000005,0.03369782776508263
2312.628543055939,79.29999999999995,0.03428998584234883
2319.3240068035507,80.29999999999995,0.0346221570442277
2326.9023064029197,82.39999999999998,0.035411886340591316
2334.7765221649656,83.39999999999998,0.03572076351130418
2341.6462058010593,84.10000000000002,0.03591490456229277
2348.864772661076,85.0,0.036187694153078806
2355.8178896270733,85.39999999999998,0.036250679806799
2363.23747336347,86.5,0.03660233090197624
2371.1236090557713,87.20000000000005,0.036775813655166134
2378.893237533883,87.5,0.036781810389569326
2386.384217636597,87.20000000000005,0.036540637235004975
2393.499906101532,86.89999999999998,0.03630666530567797
2400.8857833108264,86.89999999999998,0.036194974623142924
2407.6813619921495,86.60000000000002,0.03596821463465828
2415.1269529308324,86.79999999999995,0.03594013966622559
2422.4486390603647,86.79999999999995,0.03583151304032126
2429.011104074465,87.0,0.0358170449917107
2436.591746444246,87.39999999999998,0.03586977593909364
2443.8509038846137,87.5,0.03580414822398319
2451.0857878621573,87.5,0.03569846491432587
2457.77828515631,87.29999999999995,0.035519884168253135
2464.9351489139362,86.70000000000005,0.035173339159937145
2472.2568325561056,86.39999999999998,0.034947825348173735
2479.354770743004,86.60000000000002,0.034928442279379024
2486.655814442891,86.89999999999998,0.03494653320949004
2493.898926039624,87.29999999999995,0.03500542828278715
2500.9358367101677,87.89999999999998,0.03514684331751078
2507.805512065725,88.10000000000002,0.03513031595796695
2514.6751870776197,88.60000000000002,0.03523317860505267
2521.34793851148,89.0,0.035298579240333895
2527.8950438748348,89.5,0.035404950936100445
2534.6863946460226,90.10000000000002,0.03554680381380387
2541.4413074374747,90.29999999999995,0.03553101924319043
2548.394413288904,89.89999999999998,0.03527711390795938
2554.591053631372,89.79999999999995,0.03515239743455162
2561.0095069256145,89.10000000000002,0.03479096807686625
2567.7362246915814,88.5,0.034466157056545016
2574.443096019092,88.79999999999995,0.03449289678894554
2581.0231448172603,88.60000000000002,0.03432747210264672
2587.5702483518576,89.79999999999995,0.03470437181645511
2594.4298330117545,90.10000000000002,0.03472824697494596
2601.221181602988,91.70000000000005,0.035252673109285704
2608.045920745379,92.10000000000002,0.035313795385043624
2615.010384678047,92.89999999999998,0.03552567154009125
2622.047709939434,92.70000000000005,0.03535404777289171
2628.406852924251,92.79999999999995,0.03530655838031876
2635.3954910051652,92.39999999999998,0.03506115128274646
2643.170700162438,91.89999999999998,0.034768847881959414
2651.2909600328644,91.29999999999995,0.03443605450186736
2658.587038729835,91.39999999999998,0.034379164070425614
2665.42748400784,90.89999999999998,0.03410334760385948
2671.736648654243,90.70000000000005,0.033947956676675356
2678.470994063828,90.39999999999998,0.033750598830582575
2685.356666890827,90.29999999999995,0.033626818036261656
2691.5589103678685,90.29999999999995,0.03354933070651543
2697.989957238066,90.5,0.03354349031478416
2704.581093694167,90.89999999999998,0.03360964114255504
2712.3107459503854,91.20000000000005,0.0336244658309031
2719.767687754916,91.0,0.03345874002757849
2726.7307416903413,91.10000000000002,0.033409972831980383
2734.1741018955154,91.0,0.03328244530474947
2741.9037490531064,90.70000000000005,0.03307920638400328
2749.429335436342,89.60000000000002,0.03258858078117518
2757.924221817624,89.60000000000002,0.032488202283146375
2766.9532631701386,90.60000000000002,0.03274359607223661
2775.4538943197813,90.39999999999998,0.03257124904326885
2784.378841822896,91.39999999999998,0.03282599286674712
2793.5604360813427,91.89999999999998,0.03289708674744563
2803.721590317625,93.10000000000002,0.033205864776842196
2813.799322743452,94.20000000000005,0.03347786718071818
2823.559134195875,94.79999999999995,0.03357464656995688
2833.018767039452,95.0,0.03353313472726355
2842.0868374197353,94.70000000000005,0.033320586392066746
2851.144950244332,95.29999999999995,0.03342516836677599
2860.203062296798,95.20000000000005,0.03328435007112838
2869.5619413091963,95.10000000000002,0.033140946926767514
2879.3128771149995,94.70000000000005,0.03288979143346419
2889.0334507642174,94.39999999999998,0.0326752879843011
2898.3638369715295,94.10000000000002,0.032466593324019716
2907.7815629437328,93.39999999999998,0.032120707136420935
2917.0578451158276,93.29999999999995,0.0319842817502631
2926.19306390734,92.20000000000005,0.03150851566741313
2935.191304494322,91.10000000000002,0.03103715926812301
2943.69565448145,91.10000000000002,0.03094749277538606
2952.4450724100675,90.10000000000002,0.03051707916328882
2960.985203212246,89.29999999999995,0.03015888086948973
2969.703973825201,89.70000000000005,0.03020503080125516
2978.41398892366,89.29999999999995,0.029982400140509416
2987.07954634942,89.5,0.02996237582938829
2995.346989143585,90.0,0.030046602389038196
3003.373936756418,90.39999999999998,0.030099482083682898
3010.617017647385,92.10000000000002,0.03059173566751795
3017.7033558390167,92.70000000000005,0.030718725159195284
3024.999402326342,92.89999999999998,0.030710749869423532
3032.840137631022,92.70000000000005,0.030565409251147944
3040.9524688470956,92.10000000000002,0.030286563484143353
3048.891869734263,91.20000000000005,0.029912507198213267
3057.137065492917,90.39999999999998,0.029570149477555187
3065.5547958439406,89.20000000000005,0.029097506304872126
3073.698956322319,87.20000000000005,0.028369726911816648
3081.0088458316127,86.20000000000005,0.027977848916799625
3087.792201623368,85.29999999999995,0.027624915936750715
3094.9490699210423,84.5,0.027302549441356638
3102.429873272716,83.29999999999995,0.026849921965239387
3109.588767161307,82.20000000000005,0.02643436356217581
3116.566466791405,81.89999999999998,0.026278919725501115
3123.455994340139,80.70000000000005,0.02583676547588074
3130.40906959084,79.5,0.025396041933392125
3138.1127396601123,78.89999999999998,0.025142500141198114
3145.7273728601995,77.79999999999995,0.02473195886942409
3152.327429404498,77.89999999999998,0.024711899935697973
3158.3616956897863,78.10000000000002,0.024728010128346932
3163.499686504703,78.39999999999998,0.02478267987016076
3167.290404060893,78.70000000000005,0.024847737327494835
3171.209288034804,79.0,0.0249116323851827
3172.4338024336025,79.0,0.024902016848830193
3176.0516227187995,79.29999999999995,0.02496810802216013
3177.20877411922,79.29999999999995,0.02495901454319235
3180.506033943854,79.60000000000002,0.025027463916267235
3181.5979476470848,80.5,0.025301751297499068
3184.8134309566567,80.89999999999998,0.025401801943449848
3186.0403689820473,80.89999999999998,0.025392019758320845
3190.2354150840474,81.89999999999998,0.02567208664688537
3191.713168315637,81.89999999999998,0.025660200550922645
3194.7628536408615,82.89999999999998,0.025948717885436876
3198.13986054352,84.0,0.02626526783157141
3201.9237374673367,85.20000000000005,0.026609003519675236
3205.8441492883953,85.20000000000005,0.02657646349368293
3209.76456142207,85.70000000000005,0.026699777619213008
3213.3818640754334,87.10000000000002,0.02710539975772869
3217.0066495311166,88.5,0.027510045716846437
3220.4652370742733,87.60000000000002,0.027201038841078388
3223.9473253733477,88.89999999999998,0.027574892213756922
3227.2587968834937,91.20000000000005,0.028259276909577337
3231.1141275370433,92.5,0.028627896245345338
3232.5101636598974,92.5,0.028615532609886703
3236.9480673856096,94.89999999999998,0.029317739433690697
3238.7161621150776,94.89999999999998,0.0293017341593851
3242.007318540963,96.29999999999995,0.029703819435959487
3245.220360113093,97.79999999999995,0.03013662837878649
3248.280350511819,99.5,0.030631592493031632
3252.5315963671014,101.29999999999995,0.03114497030963403
3253.992690205441,101.29999999999995,0.031130985728675495
3257.1101413274005,105.0,0.03223716590597344
3260.201956012338,106.89999999999998,0.03278937975080321
3264.1034045767205,108.39999999999998,0.03320973221865714
3265.412379801692,108.39999999999998,0.033196419744872495
3269.397449465583,110.0,0.03364534343109023
3270.9206247853936,111.20000000000005,0.03399654493520335
3274.2152087568193,112.39999999999998,0.03432883693759303
3277.1825109062447,113.5,0.03463340830798394
3280.26251812625,112.60000000000002,0.03432652093476937
3282.460668528019,113.5,0.03457771820032127
3283.9141474085554,113.5,0.034562413907673735
3286.3502964421095,113.5,0.03453679302625716
3287.4935895659605,114.10000000000002,0.034707292011804156
3288.598295411483,113.10000000000002,0.034391552217796335
3289.703001274312,113.10000000000002,0.0343800032878923
3290.2411496939662,113.10000000000002,0.03437438013031955
3290.7175776481195,113.10000000000002,0.03436940342988436
3291.052522769937,113.10000000000002,0.034365905502112326
3291.4881917996527,114.60000000000002,0.03481707766277642
3291.7264057733864,114.60000000000002,0.03481455803829933
3291.9726913449495,114.60000000000002,0.034811953422730156
3292.218976916331,114.60000000000002,0.03480934919685705
3292.3302964068434,114.60000000000002,0.03480817223140437
3292.680463120595,114.60000000000002,0.03480447048645266
3292.833696585449,114.60000000000002,0.034802850845105274
3293.0799821549444,114.60000000000002,0.03480024798092132
3293.191301645457,114.60000000000002,0.034799071630834094
3293.3445351088662,114.60000000000002,0.03479745249192756
3293.3445351088662,114.60000000000002,0.03479745249192756
3293.5908206783242,114.60000000000002,0.034794850435124126
3293.9856397787153,114.60000000000002,0.03479067990341897
3294.096959269623,114.60000000000002,0.03478950420008568
3294.319598251043,114.60000000000002,0.03478715303179487
3294.7144173550687,114.60000000000002,0.03478298434496749
3300.037577762007,113.70000000000005,0.034454153118192124
3301.569912527207,113.70000000000005,0.03443816215085619
3303.561947794505,113.70000000000005,0.03441739607029541
3306.7919836500596,112.60000000000002,0.034051128875579095
3307.795175813844,112.60000000000002,0.03404080180759564
3311.4685330020347,112.89999999999998,0.03409363515758663
3312.778516702104,111.79999999999995,0.03374810583814631
3317.372985809502,112.5,0.03391237599185666
3319.057012099679,111.70000000000005,0.03365413718197542
3322.4401180658833,111.70000000000005,0.03361986853957952
3325.8676482309866,112.20000000000005,0.033735557715196124
3329.313289465428,112.20000000000005,0.03370064341947689
3332.717596561335,113.10000000000002,0.033936268742570774
3336.996194054483,112.60000000000002,0.033742921313671
3338.291127091821,112.60000000000002,0.03372983233433341
3341.964670288216,112.29999999999995,0.033602988385366454
3342.988441936521,112.29999999999995,0.03359269765675498
3346.0654270914247,110.60000000000002,0.03305374697832473
3347.1380624244725,110.60000000000002,0.03304315446130352
3348.0922959328996,110.60000000000002,0.03303373689379816
3348.7322938529855,110.60000000000002,0.033027423602364415
3349.4326274103328,110.60000000000002,0.03302051789156666
3349.877905373568,110.60000000000002,0.03301612868414864
3350.2727247041453,110.60000000000002,0.03301223783498606
3350.8962156975454,110.60000000000002,0.03300609534902494
3351.3887870159356,111.10000000000002,0.03315043615065713
3352.0649538252583,111.10000000000002,0.033143749160712596
3352.905790310462,111.10000000000002,0.03313543742298609
3353.644647272709,111.10000000000002,0.03312813720152196
3354.0394665837907,111.10000000000002,0.03312423753712098
3354.6345756074393,111.10000000000002,0.03311836132848617
3355.917662888105,111.10000000000002,0.03310569899512591
3357.51280610647,109.79999999999995,0.0327027792121303
3358.5599170743826,109.79999999999995,0.03269258334257914
3359.3328715553776,110.20000000000005,0.0328041323124306
3360.047514411673,110.20000000000005,0.032797155256685556
3360.047514411673,110.20000000000005,0.032797155256685556
3360.1528163781163,110.20000000000005,0.03279612744481777
3360.306049967972,110.20000000000005,0.03279463190593916
3360.552335615024,110.20000000000005,0.03279222847747498
3360.774974596444,110.20000000000005,0.0327900561129454
3361.1251413632544,110.20000000000005,0.03278663999856415
3362.799631433709,110.20000000000005,0.032770314047232414
3363.872266481308,110.20000000000005,0.03275986460546313
3365.0198175232113,110.20000000000005,0.032748692719768775
3366.092452528888,110.60000000000002,0.0328570892094506
3369.805060557138,111.79999999999995,0.0331769933248055
3373.1191819132,113.10000000000002,0.033529796577140454
3377.3741557833855,114.39999999999998,0.0338724685874979
3378.783227719523,115.0,0.034035921291588195
3380.0663143068823,115.0,0.03402300112078776
3380.3727814199065,115.0,0.03401991657017629
3380.6109956196415,115.0,0.03401751936233093
3380.917462735778,114.39999999999998,0.0338369691839296
3381.155676938194,114.39999999999998,0.03383458525151226
3381.4621440569285,114.39999999999998,0.033831518770974005
3381.700358263534,114.39999999999998,0.03382913560642704
3382.0068253845793,114.39999999999998,0.033826070113560806
3382.2450395938654,114.39999999999998,0.033823687716528356
3382.5515067175093,114.39999999999998,0.03382062321085418
3382.7897209308,114.39999999999998,0.03381824158095229
3383.096188056528,114.39999999999998,0.03381517806199854
3383.334402273161,114.39999999999998,0.03381279719886336
3383.640869402001,114.39999999999998,0.03380973466614327
3383.879083621977,114.39999999999998,0.03380735456940457
3384.185550753188,114.39999999999998,0.03380429302244937
3384.4237649763218,114.39999999999998,0.033801913691738995
3384.8102421288554,113.10000000000002,0.03341398539637675
3385.116709264624,113.10000000000002,0.03341096030469497
3385.354923492852,113.10000000000002,0.033408609305670287
3385.6613906312186,113.10000000000002,0.033405585187275266
3385.8996048634503,113.10000000000002,0.03340323494457575
3386.2060720044155,113.10000000000002,0.033400211798997846
3386.4442862393284,113.10000000000002,0.03339786231227162
3386.750753383179,113.10000000000002,0.033394840139038665
3386.9889676219113,113.10000000000002,0.03339249140790982
3387.295434767846,113.10000000000002,0.03338947020656069
3387.533649009921,113.10000000000002,0.033387122230669475
3387.840116158968,113.10000000000002,0.033384102000725294
3388.078330404571,113.10000000000002,0.03338175477970568
3388.3847975554145,112.60000000000002,0.03323117258737451
3388.6230118043595,112.60000000000002,0.033228836494279504
3388.9294789583155,112.60000000000002,0.03322583154920381
3389.1676932099417,112.60000000000002,0.033223496206927
3389.554170402423,112.60000000000002,0.03321970806167457
3389.7923846580534,112.60000000000002,0.03321737358005145
3390.0988518172057,112.60000000000002,0.03321437070769859
3390.337066076179,112.60000000000002,0.0332120369761105
3390.6435332374153,111.39999999999998,0.032855119952298346
3390.881747499731,111.39999999999998,0.03285281183342381
3391.188214664367,111.39999999999998,0.03284984287167484
3394.870734171603,111.39999999999998,0.03281420964830437
3396.0618056158546,110.20000000000005,0.03244935054414181
3398.0811769087954,109.79999999999995,0.03231235343820834
3399.748677063089,109.79999999999995,0.032296504956611065
3400.908108891316,109.79999999999995,0.032285494486881144
3401.831763389498,108.5,0.03189458137456315
3402.8788745018096,108.5,0.031884766987448146
3404.0843776653014,108.5,0.03187347549663706
3405.089214738025,108.5,0.03186406967852312
3406.0627328004075,108.5,0.03185496231620876
3406.9051487509646,107.10000000000002,0.03143615549122784
3407.9640363771277,107.10000000000002,0.03142638797146868
3409.5784845400376,107.10000000000002,0.03141150745924188
3412.634270575564,105.79999999999995,0.031002443160179617
3413.792592472829,105.79999999999995,0.03099192383078031
3417.5981457461335,104.5,0.030577029698494716
3418.8666634961323,104.5,0.030565684563181626
3420.984438623832,103.29999999999995,0.03019598652180795
3422.7883640597684,103.29999999999995,0.03018007221383558
3426.3496270118458,102.0,0.0297692912585092
3427.758699727183,102.0,0.029757053787980534
3431.108156081942,100.70000000000005,0.0293491185410464
3434.3903419193744,100.5,0.029262835611118584
3437.680458411705,100.5,0.029234828895770473
3440.777243804122,98.89999999999998,0.02874350560708085
3443.9557137820125,98.60000000000002,0.028629868730722294
3447.264086173731,98.60000000000002,0.028602392371232712
3450.50624678908,96.89999999999998,0.028082835696985543
3454.0350755043787,98.20000000000005,0.028430516150928287
3457.4828454155077,96.5,0.027910478320364012
3460.782506685703,97.89999999999998,0.02828840003983843
3464.0736631408636,96.29999999999995,0.02779963977806554
3467.5519558442834,97.79999999999995,0.028204335867315793
3471.3126484850404,96.29999999999995,0.027741667130452067
3474.8834018611515,96.29999999999995,0.027713160087161938
3478.064360592328,94.60000000000002,0.02719903664574202
3481.1363203109954,94.60000000000002,0.02717503461385526
3485.455130312941,93.0,0.02668231164165066
3486.929355958975,91.29999999999995,0.026183495757943348
3491.142900015309,89.70000000000005,0.025693591631441585
3492.5118238371942,89.70000000000005,0.02568352077945076
3495.8979908744714,88.10000000000002,0.025200964167138785
3500.0062707459665,88.10000000000002,0.02517138347332818
3501.2747866286404,86.60000000000002,0.024733848463058428
3504.9388674836887,85.29999999999995,0.02433708638725549
3506.1443690361116,85.29999999999995,0.024328718678361245
3508.019034554342,85.29999999999995,0.024315717548789313
3509.358815633955,84.70000000000005,0.024135463043182502
3510.4059255853736,83.5,0.023786422929443995
3511.1205678132537,83.5,0.023781581517152026
3511.6922146483844,83.5,0.023777710259371525
3512.646446737408,83.5,0.02377125089761194
3513.810103938556,83.5,0.023763378648836656
3515.886818209868,82.39999999999998,0.02343647684368701
3519.9855388329693,81.39999999999998,0.02312509500450609
3521.5087153448035,81.39999999999998,0.02311509258668122
3524.8437130795655,80.0,0.022696041728927054
3528.526230544093,80.0,0.022672355191097483
3532.220846581291,78.70000000000005,0.022280600058224256
3536.1247983652897,77.70000000000005,0.021973206385679563
3539.7042410980034,77.5,0.02189448460133488
3543.3419291369314,77.29999999999995,0.021815563258053474
3547.35496086463,77.10000000000002,0.02173450383471287
3551.1631890249573,77.10000000000002,0.02171119599298656
3554.7393929282052,76.79999999999995,0.02160495932635337
3558.0938858544996,76.60000000000002,0.021528380772786727
3561.3375709680345,76.29999999999995,0.021424534596775183
3564.6837897641158,76.29999999999995,0.02140442308490115
3568.585659788384,76.10000000000002,0.02132497500550757
3572.2967422442475,76.0,0.021274828348177486
3576.2438200239085,76.0,0.0212513474541263
3580.52088414986,77.20000000000005,0.02156110870397283
3585.052651318031,77.5,0.021617534674562566
3589.9775449153835,78.0,0.02172715539975292
3595.4427913528248,78.5,0.021833194005699507
3600.7624205677625,79.79999999999995,0.022161973126629448
3605.977357392604,80.20000000000005,0.022240849581482328
3611.491769560188,81.10000000000002,0.02245609437173838
3616.6825704520675,81.39999999999998,0.0225068134718346
3621.326627189175,82.29999999999995,0.022726478021089225
3626.1898249970423,83.0,0.022889038910164528
3631.2282355598236,83.0,0.02285727985566954
3636.5974086348074,83.60000000000002,0.02298852212826709
3641.724806376476,84.29999999999995,0.02314837185182003
3646.763654733421,84.39999999999998,0.023143808590515756
3651.8910532920922,85.5,0.023412527578807095
3656.7793124328905,86.79999999999995,0.023736734591798783
3661.4815064050135,86.79999999999995,0.023706251103046975
3666.1640224418215,88.20000000000005,0.02405784341892458
3670.7516280082427,88.5,0.024109503711647273
3675.1517201894053,89.70000000000005,0.02440715563040135
3679.006218176056,89.79999999999995,0.024408765485729508
3682.4962722999367,90.60000000000002,0.02460287622868793
3685.8634285975145,90.39999999999998,0.024526139329692293
3689.201214299853,91.10000000000002,0.024693692403353836
3692.431261585333,90.60000000000002,0.024536678838836725
3695.814378951433,90.5,0.024487160533661984
3699.114052131511,90.5,0.024465317566472952
3702.4052221011634,90.20000000000005,0.02436254126413812
3705.5517047139333,90.20000000000005,0.024341854381698187
3709.989627333115,89.79999999999995,0.024204919425759065
3711.36873466233,89.79999999999995,0.02419592512091639
3715.7408303405005,89.20000000000005,0.024005979984299926
3717.2028105030563,89.20000000000005,0.023996538404620554
3720.2996597682304,88.29999999999995,0.023734647226105684
3723.396509185666,88.60000000000002,0.023795478075306433
3726.6458783713574,88.0,0.023613727430001567
3730.013036590264,88.39999999999998,0.023699649071685154
3733.5315633864066,88.0,0.02357017705782613
3737.173047085593,87.60000000000002,0.023440177614551253
3741.1136239378216,88.10000000000002,0.02354913773168635
3745.5467730712794,87.79999999999995,0.023441170360290434
3750.172805192368,88.10000000000002,0.023492250777889384
3755.244405126894,87.89999999999998,0.02340726475219387
3761.3476206867394,88.5,0.023528801090669158
3767.788810047078,88.70000000000005,0.023541659172476748
3773.9543477663387,89.39999999999998,0.023688680827024966
3780.257335965722,89.39999999999998,0.02364918365462584
3786.6075020130884,90.20000000000005,0.023820794722465077
3792.529527869982,90.20000000000005,0.02378359860804025
3798.654157785876,90.20000000000005,0.023745251937484873
3805.276428202639,91.20000000000005,0.023966721398759692
3811.401058544806,91.20000000000005,0.023928208708327386
3817.3157119837665,92.20000000000005,0.02415309787203478
3822.9509490385285,92.10000000000002,0.024091337092139033
3829.05866465261,91.79999999999995,0.02397456086203069
3835.1832957882816,92.5,0.024118795078603303
3841.069162703447,92.39999999999998,0.024055802196221426
3847.1602073562544,93.29999999999995,0.024251654459722945
3853.4632175449274,93.20000000000005,0.024186035972954874
3859.065893413607,93.70000000000005,0.02428048719248896
3864.809304578825,93.39999999999998,0.024166780981753618
3870.1834231333078,93.0,0.024029868828466798
3875.9412063302725,93.0,0.02399417200862344
3881.747892393021,93.10000000000002,0.02398404084470455
3887.4649405220357,92.0,0.02366580828575797
3893.3872579523572,92.0,0.02362980970158756
3899.2443327932992,92.10000000000002,0.023619961238495257
3905.3010492875014,91.5,0.023429691807419974
3911.6044819915064,91.70000000000005,0.023443065479184906
3918.250117977006,91.0,0.023224653164046438
3924.4169996260343,90.39999999999998,0.023035268680319746
3930.941725116575,89.79999999999995,0.02284439869108893
3937.768357143574,89.20000000000005,0.02265242439621436
3943.898331971476,88.89999999999998,0.022541149014751766
3949.8435848800154,88.39999999999998,0.02238063308086295
3956.0825979671235,88.29999999999995,0.022320059759463537
3962.528788436912,88.20000000000005,0.022258513365852935
3968.8114248128436,88.10000000000002,0.0221980816345172
3974.3963581177773,88.0,0.022141727213557446
3979.3756132717835,88.10000000000002,0.022139151606139915
3985.343945902582,88.39999999999998,0.022181272482362763
3991.238109840072,88.60000000000002,0.02219862547953828
3996.2173667211537,88.89999999999998,0.02224603715011161
4001.457376804859,88.79999999999995,0.02219191450463637
4005.8589944979767,88.60000000000002,0.022117603271031655
4009.8703426068,88.60000000000002,0.022095477516712307
4013.9974130860296,88.5,0.022047846795187568
4018.0783755414323,88.60000000000002,0.022050341411785242
4022.448746231252,88.60000000000002,0.02202638382478134
4026.5974691657334,88.60000000000002,0.02200368938749593
4030.502485591847,88.60000000000002,0.021982370763130747
4033.4866544953206,88.60000000000002,0.02196610713989975
4037.312783437391,88.60000000000002,0.021945290036350734
4038.6132828635964,88.60000000000002,0.021938223294600222
4041.90447741153,88.70000000000005,0.02194510050786858
4042.9771239252173,88.70000000000005,0.02193927823016807
4047.2955720833866,89.0,0.021989992679033902
4048.9965579692503,89.0,0.02198075466990207
4052.8801687189143,89.10000000000002,0.021984365757392692
4056.9788265356738,89.39999999999998,0.022036102188963166
4061.2281233561594,89.39999999999998,0.02201304563165506
4065.515917593671,89.70000000000005,0.02206362041575584
4069.944895717119,89.5,0.02199046972212881
4074.6243434690314,89.79999999999995,0.022038841480917115
4079.3037914151114,89.70000000000005,0.021989046314416092
4084.330382573281,90.39999999999998,0.022133371087146136
4089.994977994703,90.29999999999995,0.022078266718135054
4095.4707549085256,90.79999999999995,0.022170833448431747
4100.598635965768,90.5,0.022069948325651127
4105.684173569568,90.60000000000002,0.022066967689146552
4110.856196443284,90.10000000000002,0.021917575243316615
4116.187856590504,89.60000000000002,0.02176771399209582
4121.898272216457,89.29999999999995,0.02166477532983387
4127.316582687843,88.79999999999995,0.021515189886929027
4132.488606557145,88.10000000000002,0.02131887305392907
4137.66063066435,87.89999999999998,0.021243888236886794
4142.779041451834,87.5,0.02112108783125824
4147.699956696693,87.60000000000002,0.02112013909264698
4152.379407683194,87.60000000000002,0.021096338123128337
4157.058858864176,87.60000000000002,0.02107259073640703
4161.738310239639,88.20000000000005,0.021193067277438058
4166.619951727451,88.29999999999995,0.02119223759858189
4171.545690448446,88.89999999999998,0.021311045496529877
4176.4877430096485,88.89999999999998,0.021285828061819504
4181.717324410719,89.39999999999998,0.021378776484514788
4187.236473821942,89.29999999999995,0.02132671525916722
4192.263069620208,89.29999999999995,0.021301144159374036
4197.043390242734,89.0,0.02120540383425789
4201.476556279418,88.70000000000005,0.02111162559444282
4206.4959594214015,88.39999999999998,0.021015115871443578
4211.479351388883,88.10000000000002,0.020919015065560268
4216.708934236466,87.89999999999998,0.020845640847135288
4222.220589494127,87.70000000000005,0.02077106066372235
4227.538487021777,87.39999999999998,0.02067396908823216
4232.76807052864,87.10000000000002,0.02057755080096366
4237.853613194867,86.70000000000005,0.020458469761686263
4243.287722632854,86.5,0.020385136633235164
4248.8246190982245,86.60000000000002,0.020382107468201432
4254.54660991283,87.0,0.020448712395651134
4260.186617550575,87.29999999999995,0.020492060052100188
4266.215486894236,87.60000000000002,0.02053342131195815
4272.141738478011,87.70000000000005,0.020528345117885524
4277.811319888135,87.70000000000005,0.0205011379516134
4283.376112124163,87.39999999999998,0.02040446547586912
4288.940904541842,87.20000000000005,0.020331359638846552
4294.192941538517,86.79999999999995,0.020213344202671384
4298.992113117407,86.60000000000002,0.020144256542308978
4304.264990498671,86.39999999999998,0.020073113572403472
4309.310034502061,86.29999999999995,0.02002640777967879
4314.641702751591,86.29999999999995,0.0200016608435791
4319.813735320936,86.39999999999998,0.02000086237365996
4324.68596890759,86.29999999999995,0.019955206139926785
4329.220020571855,86.5,0.019980504476317665
4334.338441220246,86.20000000000005,0.019887694781797464
4339.4568621261615,86.5,0.019933370177026816
4344.686450321802,86.20000000000005,0.01984032702604244
4349.771997339161,86.39999999999998,0.019863110078609296
4355.001585965724,86.0,0.019747409570903623
4359.943645085331,85.79999999999995,0.019679153444269053
4364.668298522626,85.29999999999995,0.01954329496902954
4369.5706502865905,84.79999999999995,0.019406941044525304
4374.146257622514,84.39999999999998,0.019295193857069157
4378.208116936958,84.0,0.01918593126604665
4382.641290226732,83.29999999999995,0.01900680308601996
4387.030469974096,82.39999999999998,0.018782636811840177
4391.709931047607,81.39999999999998,0.018534921768064646
4396.143104870677,80.20000000000005,0.018243264171983617
4400.677159331417,79.10000000000002,0.017974506453460784
4405.373233345239,78.0,0.017705650774286465
4410.1104521094885,77.10000000000002,0.017482555332173317
4414.806526441079,76.10000000000002,0.017237448468969883
4419.195707341889,76.10000000000002,0.01722032809580492
4423.932926623348,75.39999999999998,0.017043658041522452
4428.713256813943,74.39999999999998,0.016799461984929685
4433.228698157491,73.89999999999998,0.01666956636609201
4437.964506301134,72.89999999999998,0.016426449534802434
4443.079630708337,71.79999999999995,0.01615996245121388
4448.04938284525,71.10000000000002,0.015984534765780867
4452.848559509328,69.79999999999995,0.015675359057728974
4457.751196817704,68.39999999999998,0.01534405958969386
4462.69325966431,67.0,0.015013355411534566
4467.71986748254,65.39999999999998,0.01463833945274895
4472.500199511939,63.799999999999955,0.014264951851083677
4477.339645346547,61.89999999999998,0.013825174077274835
4482.281708893308,60.10000000000002,0.013408349564632549
4487.042607391411,58.0,0.012926108591983908
4491.838912307925,55.89999999999998,0.012444791786016728
4496.7106331510595,53.89999999999998,0.011986539583542132
4501.857098543196,49.89999999999998,0.0110843145190343
4507.322364443794,48.10000000000002,0.01067152426891827
4513.108141254398,46.0,0.010192532188518422
4519.00108701691,44.299999999999955,0.009803051414896503
4525.0013528692725,42.700000000000045,0.009436461267116366
4531.216680862687,39.200000000000045,0.008651098095917333
4537.324410108688,37.799999999999955,0.008330900897406734
4543.405755452683,36.5,0.00803362102453544
4549.487100910366,33.299999999999955,0.007319506410587805
4555.622908742441,32.200000000000045,0.007068188180853781
4561.945965060296,31.200000000000045,0.0068391866626565075
4568.135368415296,28.899999999999977,0.006326432487053355
4575.172715525666,28.200000000000045,0.006163701733992352
4581.881723972531,26.100000000000023,0.005696349572588071
4588.904233129091,25.299999999999955,0.005513298756018785
4595.576993098698,23.799999999999955,0.005178892669134051
4601.68472370819,22.399999999999977,0.0048677824199023605
4608.413752152856,21.700000000000045,0.004708778587830297
4615.668536697401,19.899999999999977,0.004311401445269033
4623.032670861576,19.600000000000023,0.004239641247516265
4630.396805124694,18.100000000000023,0.003908952247886799
4637.681450674163,16.700000000000045,0.0036009372738553284
4645.0473803597715,16.100000000000023,0.0034660572178605064
4652.763716559524,16.399999999999977,0.003524786771705424
4660.6135067971,15.5,0.003325742410820935
4668.551492271714,15.0,0.0032129880166965902
4676.02178366998,14.0,0.0029939980281725904
4683.174194491048,12.799999999999955,0.002733188958688951
4689.772367191031,12.299999999999955,0.0026227285754952577
4695.952628542307,11.899999999999977,0.002534097113261109
4701.654287148475,12.600000000000023,0.002679907800631136
4707.145415663316,12.399999999999977,0.0026342929535888597
4712.525979367849,12.200000000000045,0.0025888451444964953
4717.464622835934,12.0,0.002543739266620323
4722.513691077164,11.600000000000023,0.0024563189773101884
4727.121318700284,11.100000000000023,0.0023481521314227564
4732.269015048091,10.600000000000023,0.0022399402836764345
4737.407007832541,10.700000000000045,0.0022586195322270844
4742.532033935508,10.100000000000023,0.0021296640545026987
4747.65706004125,9.600000000000023,0.002022050008792466
4752.795052854203,9.0,0.0018936225736464727
4758.249707902749,8.600000000000023,0.001807387280603768
4763.705379402268,8.100000000000023,0.0017003570445442578
4769.280312667153,7.100000000000023,0.0014886942126556297
4774.734967716094,6.399999999999977,0.001340388533242778
4780.316858956014,5.600000000000023,0.0011714704621532184
4786.109302812984,4.7999999999999545,0.0010029022941826268
4792.153671345224,3.2999999999999545,0.0006886256631819569
4798.308760489831,2.7000000000000455,0.0005626982619860457
4804.121272244055,1.6000000000000227,0.0003330473793915377
4809.925191979678,0.8999999999999773,0.00018711309720589512
4815.526915631733,0.7999999999999545,0.00016612927598910643
4821.096873628179,0.7000000000000455,0.0001451951741167257
4826.560669986093,0.7999999999999545,0.0001657494963183089
4832.040679924621,1.1000000000000227,0.00022764709009386538
4837.421244125372,2.0,0.00041344342348287864
4842.925484935148,2.6000000000000227,0.0005368655801308162
4848.047264248787,3.1000000000000227,0.0006394327099202431
4852.654892454473,1.8999999999999773,0.0003915382490838859
4856.968109895912,2.2999999999999545,0.0004735464487225643
4861.894388035469,2.6000000000000227,0.0005347709745399461
4866.6996248203295,3.0,0.0006164341815344223
4871.515235899513,3.2000000000000455,0.0006568798094724984
4876.751489512397,3.3999999999999773,0.0006971854127305403
4882.120705804584,3.5,0.0007169015702210486
4887.797999834945,3.5,0.0007160688719374637
4893.697932847121,3.2999999999999545,0.0006743366765345152
4899.6016240162035,3.2000000000000455,0.0006531143234818764
4905.671625262851,2.7000000000000455,0.0005503833534425323
4911.705894583688,1.0,0.00020359525213077914
4917.639565387139,0.6000000000000227,0.00012200975529461929
4923.254143058765,-0.7000000000000455,-0.00014218238174581476
4928.844967923748,-1.3999999999999773,-0.0002840422064623632
4934.0769839908735,-1.8999999999999773,-0.000385077088615505
4939.3185297816,-2.2000000000000455,-0.00044540557300266323
4944.08904662686,-2.2999999999999545,-0.0004652019772113825
4949.262531408944,-2.2000000000000455,-0.0004445106692236338
4954.400524594279,-2.0,-0.00040368153322924616
4959.642070405222,-1.5,-0.0003024411799695546
4965.105866898777,-1.3999999999999773,-0.0002819678044195304
4971.125415647674,-1.2999999999999545,-0.00026151019966382823
4976.806615146871,-2.2000000000000455,-0.0004420505296115712
4983.152699954496,-2.7000000000000455,-0.000541825659892923
4989.145880835147,-2.8999999999999773,-0.0005812618170055469
4995.029506818193,-3.1000000000000227,-0.0006206169544681441
5001.209770043687,-3.1000000000000227,-0.0006198500248016877
5007.465859514042,-3.1000000000000227,-0.0006190756136879319
5013.731691206094,-3.2000000000000455,-0.0006382471574242258
5019.751239997629,-4.5,-0.00089645876555471
5025.931503375002,-4.7999999999999545,-0.0009550468399294081
5031.522328511927,-5.100000000000023,-0.001013609732207697
5037.319556960818,-5.5,-0.001091850524432151
5042.728901075956,-5.7999999999999545,-0.0011501708923441077
5048.773270513556,-6.2999999999999545,-0.001247827870741188
5054.608633739544,-6.7999999999999545,-0.001345306925369041
5061.197556797739,-8.899999999999977,-0.0017584770995643726
5067.453646410142,-9.399999999999977,-0.0018549750339914948
5073.759176304003,-10.100000000000023,-0.0019906344879690174
5079.491044527095,-10.399999999999977,-0.0020474492245055676
5085.222912848337,-10.600000000000023,-0.0020844710608886067
5090.523457756981,-12.100000000000023,-0.002376965767943166
5095.775995613694,-12.299999999999955,-0.0024137638723891043
5100.850633976251,-12.5,-0.002450571658918762
5106.515357612474,-14.299999999999955,-0.0028003440699894125
5112.070740916281,-14.600000000000023,-0.002855985517403685
5117.42946366008,-14.799999999999955,-0.0028920769900391986
5122.515249473328,-16.100000000000023,-0.003142987227154735
5127.874058753867,-15.899999999999977,-0.0031007001766856696
5133.126125689598,-15.600000000000023,-0.003039083711956187
5138.319208680372,-16.299999999999955,-0.0031722435563099507
5144.075073364533,-15.700000000000045,-0.003052054990661578
5149.254848967229,-15.299999999999955,-0.0029713037029170603
5154.900943577072,-15.0,-0.0029098522288172717
5160.658874328688,-16.0,-0.003100379310012294
5167.041323766711,-15.299999999999955,-0.0029610756023229247
5172.571159718325,-14.799999999999955,-0.002861246282169252
5178.221554360871,-16.299999999999955,-0.00314779887822158
5184.174433064962,-15.899999999999977,-0.0030670264292398932
5189.7463765613165,-15.600000000000023,-0.003005927239615215
5194.471052961253,-17.700000000000045,-0.0034074691762715024
5199.756219058944,-17.600000000000023,-0.0033847740660398274
5204.92253938503,-17.899999999999977,-0.003439052140459883
5209.647216195884,-20.399999999999977,-0.00391581217564597
5214.021961172928,-20.399999999999977,-0.003912526673633508
5218.851694875858,-21.299999999999955,-0.0040813575946052295
5223.616699538664,-23.700000000000045,-0.0045370863451932005
5228.192317712889,-23.700000000000045,-0.0045331155703101185
5233.3586384901555,-26.0,-0.0049681288434497775
5238.3918186232895,-28.799999999999955,-0.005497870529197819
5244.027096073513,-30.5,-0.005816140809576861
5249.556934315818,-32.200000000000045,-0.006133850990263947
5255.053581489471,-34.5,-0.0065651090830973905
5260.478215656582,-35.700000000000045,-0.006786455249210491
5265.8724247155205,-37.10000000000002,-0.007045366276985771
5271.655339367595,-38.0,-0.007208361995182827
5278.898521483385,-38.0,-0.007198471394241141
5286.578657230719,-37.0,-0.006998855478938773
5293.57549130891,-36.700000000000045,-0.006932932204377699
5300.763549073973,-36.0,-0.006791474410566585
5308.836768504706,-34.700000000000045,-0.0065362717885510905
5317.009909755167,-32.10000000000002,-0.0060372277924676905
5324.642399545819,-31.0,-0.00582198721976977
5332.479215802824,-27.700000000000045,-0.005194581896899098
5340.663619563869,-25.600000000000023,-0.004793411797407038
5348.6087429465115,-23.600000000000023,-0.004412362379492157
5355.404391043923,-21.200000000000045,-0.003958617958982468
5362.502400408175,-17.799999999999955,-0.0033193458335133014
5369.221970018758,-16.600000000000023,-0.003091695611150535
5376.958025932354,-13.200000000000045,-0.002454919665792108
5384.524216766577,-11.799999999999955,-0.002191465675510675
5391.84520899622,-9.0,-0.0016691873841229016
5398.848602508903,-7.7999999999999545,-0.0014447524971111822
5406.38643104605,-5.5,-0.0010173153676948387
5412.946060840672,-4.100000000000023,-0.000757443350426304
5421.207901517853,-3.1000000000000227,-0.000571828281872767
5428.558006330662,-1.2000000000000455,-0.00022105317813692562
5436.464496113053,0.5,9.197153781791244e-05
5444.370985897847,1.2000000000000455,0.0002204111371374796
5452.1697523184475,2.6000000000000227,0.0004768743671075932
5459.535683608232,3.6000000000000227,0.0006593967341964081
5466.930917087105,4.0,0.0007316719491548438
5474.637908257611,4.7999999999999545,0.0008767703143910077
5482.033141813952,3.8999999999999773,0.0007114148891682009
5489.740133026272,2.7999999999999545,0.0005100423575890518
5497.21042544573,-0.39999999999997726,-7.276417838190069e-05
5504.564301597072,-4.2999999999999545,-0.0007811699099876751
5511.584542282748,-6.2999999999999545,-0.001143046968012336
5518.617410139146,-10.200000000000045,-0.0018482890263891048
5525.548082866825,-11.899999999999977,-0.0021536325123834394
5532.624968470467,-14.799999999999955,-0.0026750412479325377
5538.866860763627,-15.700000000000045,-0.0028345147833785506
5545.566754222994,-16.700000000000045,-0.003011414475767127
5552.148099420758,-17.100000000000023,-0.0030798890256158737
5558.389991730611,-18.200000000000045,-0.0032743294419925106
5564.624772703318,-19.0,-0.0034144260891053255
5571.206117928647,-19.799999999999955,-0.003553988055886455
5577.787463163438,-21.399999999999977,-0.003836646724409787
5584.740503383117,-22.200000000000045,-0.003975117552293031
5591.583057675331,-23.399999999999977,-0.004184861381586701
5598.033149635607,-24.100000000000023,-0.00430508347410711
5604.904817445717,-25.5,-0.004549586626454244
5610.6943888711485,-26.200000000000045,-0.004669653733407389
5616.7139381765455,-27.0,-0.004807081203919296
5623.0370164762035,-28.5,-0.00506843542315148
5628.982826714594,-29.0,-0.00515190770566378
5634.786747770086,-29.700000000000045,-0.00527082946160359
5640.342136537184,-30.600000000000023,-0.005425202808492483
5645.018741079192,-30.799999999999955,-0.00545613777610094
5649.971964197506,-30.799999999999955,-0.005451354483734086
5655.272519457577,-30.600000000000023,-0.005410879828464042
5660.699267449267,-30.0,-0.00529969860305229
5666.170164579826,-29.5,-0.005206338521989582
5670.958061042547,-28.799999999999955,-0.005078506963020173
5675.300798315744,-28.100000000000023,-0.004951279412069092
5678.987902526623,-27.200000000000045,-0.00478958583234498
5683.140246403273,-26.299999999999955,-0.0046277232057830376
5687.502095812451,-25.200000000000045,-0.0044307675980557615
5691.966069875797,-24.200000000000045,-0.00425160651045977
5696.423828283176,-23.200000000000045,-0.004072730663896582
5700.5547489821365,-22.299999999999955,-0.003911899978503274
5704.3454678018825,-21.600000000000023,-0.0037865869313001804
5708.025044304598,-21.600000000000023,-0.0037841459755948784
5711.833277508686,-21.0,-0.0036765779005999825
5715.52038177288,-20.600000000000023,-0.0036042212474116262
5719.084161879,-20.299999999999955,-0.003549519368032942
5722.7637383916235,-20.100000000000023,-0.003512288977641615
5726.332183633095,-20.100000000000023,-0.0035101002448739353
5729.80870413744,-20.0,-0.003490517926987369
5733.25292336074,-19.899999999999977,-0.0034709789130207983
5736.724406084182,-19.399999999999977,-0.0033817207567832562
5740.088936200126,-19.399999999999977,-0.0033797385747201605
5743.400303421051,-18.799999999999955,-0.0032733222493305496
5746.580653248143,-18.0,-0.003132297462809619
5749.741764547729,-17.100000000000023,-0.0029740466094384846
5752.887047699948,-16.799999999999955,-0.0029202728752890663
5755.909233635417,-15.700000000000045,-0.002727631615219889
5758.914859887157,-14.600000000000023,-0.002535199834554613
5763.2575971719125,-13.5,-0.0023424252295480568
5764.70857748889,-13.5,-0.0023418356398304885
5768.940028882728,-12.600000000000023,-0.0021841100682130454
5770.391009201641,-12.600000000000023,-0.00218356086786973
5774.6537975552255,-11.700000000000045,-0.002026095487309281
5776.006134837984,-11.700000000000045,-0.0020256211172338424
5780.257198915117,-10.899999999999977,-0.0018857292374543078
5781.70817923904,-9.799999999999955,-0.0016950008018719793
5785.832382402714,-9.799999999999955,-0.001693792587183498
5787.172361200948,-9.100000000000023,-0.001572443229963104
5791.407742404572,-8.200000000000045,-0.0014158906374282386
5792.747721205674,-8.200000000000045,-0.0014155631135086507
5796.694810255376,-7.2999999999999545,-0.0012593383365784526
5797.937307564686,-7.2999999999999545,-0.0012590684605153452
5801.706225805259,-6.100000000000023,-0.001051414836012894
5802.97084222117,-6.100000000000023,-0.0010511857057108978
5806.437656844307,-5.0,-0.0008611131808340829
5807.627891813982,-5.0,-0.0008609367013764162
5810.876099464375,-3.7999999999999545,-0.0006539461408151903
5812.06059571616,-3.7999999999999545,-0.0006538128667827009
5814.372781132378,-3.7000000000000455,-0.0006363541071887469
5815.918807779553,-2.5,-0.0004298546940950968
5818.117147503188,-2.5,-0.00042969227614690793
5819.070089578017,-2.3999999999999773,-0.0004124370325592725
5819.931328874377,-2.3999999999999773,-0.00041237599971203736
5821.606226930685,-2.3999999999999773,-0.00041225735758244935
5823.324025873744,-2.2999999999999545,-0.00039496342463183774
5825.248869688764,-2.2999999999999545,-0.0003948329164042807
5827.039207426423,-2.2999999999999545,-0.00039471160534987635
5828.738875952204,-2.2000000000000455,-0.00037744013702117435
5830.9174567959535,-2.2000000000000455,-0.0003772991156710576
5834.779514110365,-2.0,-0.00034277216391182555
5836.166580293892,-2.0,-0.00034269069816360276
5839.602177685264,-1.8999999999999773,-0.000325364629676385
5843.061140661033,-1.7000000000000455,-0.0002909433872204394
5846.520103498684,-3.2999999999999545,-0.0005644383225544993
5850.209862170053,-3.2999999999999545,-0.0005640823282834961
5853.955876351263,-3.2000000000000455,-0.0005466388998467455
5857.929643503491,-2.8999999999999773,-0.0004950554507284173
5861.98692767769,-2.6000000000000227,-0.0004435356189083229
5865.938278223618,-4.2999999999999545,-0.0007330455582805968
5870.165949138617,-4.0,-0.0006814117411087767
5874.265769441233,-4.0,-0.0006809361641089801
5878.551662428153,-3.8999999999999773,-0.0006634287191735032
5883.105590027261,-5.7999999999999545,-0.00098587385713964
5887.795301393459,-5.600000000000023,-0.0009511200225786851
5892.690068308739,-5.2999999999999545,-0.0008994194397739821
5897.789037507868,-4.7999999999999545,-0.000813864309061182
5903.233375505318,-5.100000000000023,-0.0008639333185033468
5909.231637605207,-4.100000000000023,-0.0006938296298808827
5914.385028979795,-3.2000000000000455,-0.0005410537163746391
5919.744484651362,-3.7999999999999545,-0.0006419195980253111
5924.790679458712,-2.7999999999999545,-0.00047259053551167184
5928.391013206206,-3.2999999999999545,-0.000556643445523213
5933.3664943427875,-3.2999999999999545,-0.0005561766668461091
5935.308361562292,-3.7000000000000455,-0.0006233879985009121
5939.297420128608,-5.7999999999999545,-0.0009765464818016073
5940.347931087252,-5.7999999999999545,-0.0009763737860617855
5942.029630619127,-5.7999999999999545,-0.0009760974550030351
5944.209262963818,-6.899999999999977,-0.001160793588306411
5947.895427275765,-5.899999999999977,-0.0009919475001096776
5949.160043559561,-6.7000000000000455,-0.001126209406192279
5953.473268849985,-7.2999999999999545,-0.0012261749856500278
5954.93566989078,-7.2999999999999545,-0.0012258738640805239
5958.225194379708,-7.7000000000000455,-0.001292331147077711
5961.624032553548,-7.7000000000000455,-0.0012915943638770351
5965.335123185101,-8.0,-0.0013410814036091438
5969.37707117622,-7.2999999999999545,-0.001222908171649734
5973.628135179741,-7.600000000000023,-0.0012722586388065058
5978.192234302211,-8.100000000000023,-0.001354924646538315
5982.997472771095,-8.5,-0.0014206925606577478
5988.468370015862,-8.899999999999977,-0.001486189698281132
5993.97261539534,-9.399999999999977,-0.0015682420663478437
5999.443512620653,-10.299999999999955,-0.0017168258986575158
6005.182980024984,-10.799999999999955,-0.00179844644799733
6010.136203496825,-11.299999999999955,-0.0018801570575763947
6015.146199360629,-11.700000000000045,-0.0019450898801501582
6020.195271661496,-11.600000000000023,-0.0019268477975463699
6025.453718619919,-11.799999999999955,-0.0019583587479122897
6031.1660683424,-11.899999999999977,-0.001973084452517913
6037.296786547661,-11.700000000000045,-0.0019379534274462126
6043.784163287429,-11.5,-0.0019027813848575196
6050.275392601325,-10.899999999999977,-0.0018015708860673045
6056.657849610248,-10.600000000000023,-0.00175014013721811
6063.143731036261,-10.200000000000045,-0.0016822955965546192
6070.497607293255,-9.899999999999977,-0.0016308383003241543
6077.327994596495,-9.299999999999955,-0.0015302777813323253
6083.839261624306,-8.799999999999955,-0.0014464550461595312
6090.448354072041,-7.7000000000000455,-0.0012642747384684523
6096.570211990946,-7.100000000000023,-0.0011645892285527192
6103.239442818931,-6.399999999999977,-0.001048623449884506
6110.512665723682,-5.2999999999999545,-0.0008673576653772082
6116.74386726695,-4.5,-0.0007356855375424875
6122.280257306939,-3.8999999999999773,-0.0006370175549127024
6127.689605163605,-3.5,-0.0005711777563032344
6132.333796915399,-2.3999999999999773,-0.00039136812826581486
6137.831550811869,-1.8999999999999773,-0.0003095555790788456
6143.442444974184,-0.8999999999999773,-0.00014649766935413347
6148.708045160347,-0.5,-8.131789578032582e-05
6153.285280978171,0.10000000000002274,1.6251481189919088e-05
6157.1503138166445,0.10000000000002274,1.6241279634772395e-05
6161.441058400044,0.7999999999999545,0.00012983975541067537
6165.419806350736,1.1000000000000227,0.00017841445263256197
6168.799386162793,1.6000000000000227,0.00025936975736137177
6172.094301606369,2.1000000000000227,0.00034024107497085225
6175.156470050595,2.5,0.00040484804103749564
6178.781572205589,1.8999999999999773,0.0003075039921376845
6179.856709493113,2.5,0.0004045401240711059
6183.40053105954,2.5,0.00040430827462047315
6184.840186387169,3.1000000000000227,0.0005012255622745309
6188.465289310765,2.5,0.0004039773810023964
6191.858276209109,3.2000000000000455,0.000516807694435669
6196.1588265745195,3.1000000000000227,0.0005003099640868672
6197.62001456691,3.1000000000000227,0.0005001920080149752
6201.067989434325,3.6000000000000227,0.0005805451586942563
6201.991703423523,2.7999999999999545,0.00045146787256331603
6204.0998851938475,2.7999999999999545,0.00045131446169688295
6206.005750553534,2.7999999999999545,0.00045117586295343235
6207.624361346724,3.2000000000000455,0.0005154951095181629
6209.4377862361935,3.2000000000000455,0.0005153445626097017
6213.586714079398,2.8999999999999773,0.000466719164541287
6215.0402718930545,2.8999999999999773,0.0004666100094499724
6218.93341866691,2.7000000000000455,0.00043415804901458766
6223.2738135369145,2.2000000000000455,0.0003535116830653647
6227.858796394671,1.7000000000000455,0.00027296701090657056
6232.687060030614,1.2000000000000455,0.00019253333087994816
6236.891164922161,0.7000000000000455,0.00011223540406429102
6240.746451200575,0.20000000000004547,3.2047448420464206e-05
6243.802934829508,0.20000000000004547,3.2031760465147775e-05
6248.110656835575,-0.8999999999999773,-0.00014404354362952213
6249.572695651154,-0.8999999999999773,-0.0001440098457653359
6253.126174045399,-1.8999999999999773,-0.0003038480189135206
6254.31066686184,-1.8999999999999773,-0.0003037904736755458
6258.864054236351,-2.5,-0.00039943350396113165
6260.5090794393245,-2.5,-0.00039932854793078485
6263.769580350582,-3.5,-0.0005587689577502156
6267.022927403609,-4.100000000000023,-0.0006542181267714986
6270.92708057869,-4.7000000000000455,-0.0007494904564519865
6272.264279996101,-4.7000000000000455,-0.000749330670741917
6276.418115463362,-6.100000000000023,-0.0009718919115619953
6277.82732700039,-6.100000000000023,-0.0009716737467060383
6282.361254461297,-6.7999999999999545,-0.0010823955714375812
6283.839832541504,-6.7999999999999545,-0.0010821408853843573
6287.661539040253,-6.5,-0.0010337706569670349
6288.614473946938,-6.5,-0.00103361400622169
6289.619404112746,-7.0,-0.0011129449256377484
6290.095871555195,-7.0,-0.001112860621354772
6290.541149518431,-7.0,-0.0011127818471604596
6290.891319590852,-7.0,-0.0011127199063510871
6291.241489662704,-7.0,-0.001112657972437058
6291.68676762594,-7.0,-0.001112579226928255
6292.243365080083,-7.0,-0.001112480810714941
6293.783340170831,-5.5,-0.0008738781910231302
6294.624188997191,-5.5,-0.0008737614565797003
6295.510000733722,-5.5,-0.0008736385136961091
6296.395812461515,-5.5,-0.0008735156054062981
6298.697876128545,-5.5,-0.000873196350763936
6299.604154289516,-5.5,-0.0008730707303656451
6300.651354383039,-4.100000000000023,-0.0006507263724643109
6302.992183352663,-4.100000000000023,-0.000650484703253934
6303.945117943187,-5.0,-0.0007931541132501752
6305.044279635452,-5.0,-0.0007930158422755902
6306.506318865934,-4.5,-0.0007135487974598924
6308.345212392032,-4.5,-0.0007133407967528882
6309.571141437485,-4.5,-0.0007132021969681418
